{
  "resolved": [
    {
      "name": "cmake",
      "version": "4.0.1+st.3",
      "platform": "darwin",
      "selected_by": [
        {
          "name": "cmake",
          "version": "4.0.1+st.3"
        }
      ]
    },
    {
      "name": "cmake",
      "version": "4.0.1+st.3",
      "platform": "x86_64-linux",
      "selected_by": [
        {
          "name": "cmake",
          "version": "4.0.1+st.3"
        }
      ]
    },
    {
      "name": "cmake",
      "version": "4.0.1+st.3",
      "platform": "x86_64-windows",
      "selected_by": [
        {
          "name": "cmake",
          "version": "4.0.1+st.3"
        }
      ]
    },
    {
      "name": "gnu-tools-for-stm32",
      "version": "14.3.1+st.2",
      "platform": "aarch64-darwin",
      "selected_by": [
        {
          "name": "gnu-tools-for-stm32",
          "version": "14.3.1+st.2"
        }
      ]
    },
    {
      "name": "gnu-tools-for-stm32",
      "version": "14.3.1+st.2",
      "platform": "x86_64-darwin",
      "selected_by": [
        {
          "name": "gnu-tools-for-stm32",
          "version": "14.3.1+st.2"
        }
      ]
    },
    {
      "name": "gnu-tools-for-stm32",
      "version": "14.3.1+st.2",
      "platform": "x86_64-linux",
      "selected_by": [
        {
          "name": "gnu-tools-for-stm32",
          "version": "14.3.1+st.2"
        }
      ]
    },
    {
      "name": "gnu-tools-for-stm32",
      "version": "14.3.1+st.2",
      "platform": "x86_64-windows",
      "selected_by": [
        {
          "name": "gnu-tools-for-stm32",
          "version": "14.3.1+st.2"
        }
      ]
    },
    {
      "name": "gnu-tools-for-stm32-14_3_1-description",
      "version": "1.0.1+st.1",
      "platform": "all",
      "selected_by": [
        {
          "name": "gnu-tools-for-stm32-14_3_1-description",
          "version": ">=0.0.1"
        }
      ]
    },
    {
      "name": "ninja",
      "version": "1.13.1+st.1",
      "platform": "darwin",
      "selected_by": [
        {
          "name": "ninja",
          "version": "1.13.1+st.1"
        }
      ]
    },
    {
      "name": "ninja",
      "version": "1.13.1+st.1",
      "platform": "x86_64-linux",
      "selected_by": [
        {
          "name": "ninja",
          "version": "1.13.1+st.1"
        }
      ]
    },
    {
      "name": "ninja",
      "version": "1.13.1+st.1",
      "platform": "x86_64-windows",
      "selected_by": [
        {
          "name": "ninja",
          "version": "1.13.1+st.1"
        }
      ]
    },
    {
      "name": "programmer",
      "version": "2.21.0",
      "platform": "darwin",
      "selected_by": [
        {
          "name": "programmer",
          "version": "2.21.0"
        }
      ]
    },
    {
      "name": "programmer",
      "version": "2.21.0",
      "platform": "x86_64-linux",
      "selected_by": [
        {
          "name": "programmer",
          "version": "2.21.0"
        }
      ]
    },
    {
      "name": "programmer",
      "version": "2.21.0",
      "platform": "x86_64-windows",
      "selected_by": [
        {
          "name": "programmer",
          "version": "2.21.0"
        }
      ]
    },
    {
      "name": "st-arm-clangd",
      "version": "19.1.2+st.3",
      "platform": "darwin",
      "selected_by": [
        {
          "name": "st-arm-clangd",
          "version": "19.1.2+st.3"
        }
      ]
    },
    {
      "name": "st-arm-clangd",
      "version": "19.1.2+st.3",
      "platform": "x86_64-linux",
      "selected_by": [
        {
          "name": "st-arm-clangd",
          "version": "19.1.2+st.3"
        }
      ]
    },
    {
      "name": "st-arm-clangd",
      "version": "19.1.2+st.3",
      "platform": "x86_64-windows",
      "selected_by": [
        {
          "name": "st-arm-clangd",
          "version": "19.1.2+st.3"
        }
      ]
    },
    {
      "name": "stlink-gdbserver",
      "version": "7.12.0+st.2",
      "platform": "darwin",
      "selected_by": [
        {
          "name": "stlink-gdbserver",
          "version": "7.12.0+st.2"
        }
      ]
    },
    {
      "name": "stlink-gdbserver",
      "version": "7.12.0+st.2",
      "platform": "x86_64-linux",
      "selected_by": [
        {
          "name": "stlink-gdbserver",
          "version": "7.12.0+st.2"
        }
      ]
    },
    {
      "name": "stlink-gdbserver",
      "version": "7.12.0+st.2",
      "platform": "x86_64-windows",
      "selected_by": [
        {
          "name": "stlink-gdbserver",
          "version": "7.12.0+st.2"
        }
      ]
    }
  ]
}
